Review,Cutoff
6/18/2012,5/31/2012
9/24/2012,8/31/2012
12/24/2012,11/30/2012
3/18/2013,2/28/2013
6/24/2013,5/31/2013
9/23/2013,8/30/2013
12/23/2013,11/29/2013
3/24/2014,2/28/2014
6/23/2014,5/30/2014
9/22/2014,8/29/2014
12/22/2014,11/28/2014
3/23/2015,2/27/2015
6/22/2015,5/29/2015
9/21/2015,8/31/2015
12/21/2015,11/30/2015
3/21/2016,2/29/2016
6/20/2016,5/31/2016
9/19/2016,8/31/2016
12/19/2016,11/30/2016
3/20/2017,2/28/2017
6/19/2017,5/31/2017
9/18/2017,8/31/2017
12/18/2017,11/30/2017
3/19/2018,2/28/2018
6/18/2018,5/31/2018
9/24/2018,8/31/2018
12/24/2018,11/30/2018
3/18/2019,2/28/2019
6/24/2019,5/31/2019
9/23/2019,8/30/2019
12/23/2019,11/29/2019
3/23/2020,2/28/2020
6/22/2020,5/29/2020
9/21/2020,8/31/2020
12/21/2020,11/30/2020
3/22/2021,2/26/2021
6/21/2021,5/31/2021
9/20/2021,8/31/2021
12/20/2021,11/30/2021
3/21/2022,2/28/2022
6/20/2022,5/31/2022
9/19/2022,8/31/2022
12/19/2022,11/30/2022
3/20/2023,2/28/2023
6/19/2023,5/31/2023
9/18/2023,8/31/2023
12/18/2023,11/30/2023
3/18/2024,2/29/2024
6/24/2024,5/31/2024
9/23/2024,8/30/2024
12/23/2024,11/29/2024