Review_Date,Cutoff_Date,Prev_Date
19-03-2012,29-02-2012,16-03-2012
18-06-2012,31-05-2012,15-06-2012
24-09-2012,31-08-2012,21-09-2012
24-12-2012,30-11-2012,21-12-2012
18-03-2013,28-02-2013,15-03-2013
24-06-2013,31-05-2013,21-06-2013
23-09-2013,30-08-2013,20-09-2013
23-12-2013,29-11-2013,20-12-2013
24-03-2014,28-02-2014,21-03-2014
23-06-2014,30-05-2014,20-06-2014
22-09-2014,29-08-2014,19-09-2014
22-12-2014,28-11-2014,19-12-2014
23-03-2015,27-02-2015,20-03-2015
22-06-2015,29-05-2015,19-06-2015
21-09-2015,31-08-2015,18-09-2015
21-12-2015,30-11-2015,18-12-2015
21-03-2016,29-02-2016,18-03-2016
20-06-2016,31-05-2016,17-06-2016
19-09-2016,31-08-2016,16-09-2016
19-12-2016,30-11-2016,16-12-2016
20-03-2017,28-02-2017,17-03-2017
19-06-2017,31-05-2017,16-06-2017
18-09-2017,31-08-2017,15-09-2017
18-12-2017,30-11-2017,15-12-2017
19-03-2018,28-02-2018,16-03-2018
18-06-2018,31-05-2018,15-06-2018
24-09-2018,31-08-2018,21-09-2018
24-12-2018,30-11-2018,21-12-2018
18-03-2019,28-02-2019,15-03-2019
24-06-2019,31-05-2019,21-06-2019
23-09-2019,30-08-2019,20-09-2019
23-12-2019,29-11-2019,20-12-2019
23-03-2020,28-02-2020,20-03-2020
22-06-2020,29-05-2020,19-06-2020
21-09-2020,31-08-2020,18-09-2020
21-12-2020,30-11-2020,18-12-2020
22-03-2021,26-02-2021,19-03-2021
21-06-2021,31-05-2021,18-06-2021
20-09-2021,31-08-2021,17-09-2021
20-12-2021,30-11-2021,17-12-2021
21-03-2022,28-02-2022,18-03-2022
20-06-2022,31-05-2022,17-06-2022
19-09-2022,31-08-2022,16-09-2022
19-12-2022,30-11-2022,16-12-2022
20-03-2023,28-02-2023,17-03-2023
19-06-2023,31-05-2023,16-06-2023
18-09-2023,31-08-2023,15-09-2023
18-12-2023,30-11-2023,15-12-2023
18-03-2024,29-02-2024,15-03-2024
24-06-2024,31-05-2024,21-06-2024
23-09-2024,30-08-2024,20-09-2024
23-12-2024,29-11-2024,20-12-2024
